{"cameraMode":{"drawMode":0,"name":"Shaded","section":"Shading Mode"},"sceneLighting":false,"audioPlay":false,"sceneViewState":{"m_AlwaysRefresh":false,"showFog":true,"showSkybox":false,"showFlares":true,"showImageEffects":true,"showParticleSystems":true,"showVisualEffectGraphs":true,"m_FxEnabled":true},"in2DMode":false,"pivot":{"x":-0.003023531287908554,"y":0.01832258701324463,"z":0.0026914849877357485},"rotation":{"x":-0.23761263489723206,"y":0.19141899049282075,"z":-0.04781027138233185,"w":-0.9511294364929199},"size":0.03238895907998085,"orthographic":false}