{"cameraMode":{"drawMode":0,"name":"Shaded","section":"Shading Mode"},"sceneLighting":false,"audioPlay":false,"sceneViewState":{"m_AlwaysRefresh":false,"showFog":true,"showSkybox":false,"showFlares":true,"showImageEffects":true,"showParticleSystems":true,"showVisualEffectGraphs":true,"m_FxEnabled":true},"in2DMode":false,"pivot":{"x":-0.7376549243927002,"y":-0.10015326738357544,"z":-1.1008434295654297},"rotation":{"x":0.031149515882134439,"y":-0.9651771783828735,"z":0.13551989197731019,"w":0.2217874974012375},"size":1.5610848665237427,"orthographic":false}