{"cameraMode":{"drawMode":0,"name":"Shaded","section":"Shading Mode"},"sceneLighting":false,"audioPlay":false,"sceneViewState":{"m_AlwaysRefresh":false,"showFog":true,"showSkybox":false,"showFlares":true,"showImageEffects":true,"showParticleSystems":true,"showVisualEffectGraphs":true,"m_FxEnabled":true},"in2DMode":false,"pivot":{"x":-0.00006473064422607422,"y":0.6577048897743225,"z":0.03644174337387085},"rotation":{"x":-0.19825828075408936,"y":-0.11554790288209915,"z":0.02353949286043644,"w":-0.9730405807495117},"size":5.313868999481201,"orthographic":true}