{"cameraMode":{"drawMode":0,"name":"Shaded","section":"Shading Mode"},"sceneLighting":false,"audioPlay":false,"sceneViewState":{"m_AlwaysRefresh":false,"showFog":true,"showSkybox":false,"showFlares":true,"showImageEffects":true,"showParticleSystems":true,"showVisualEffectGraphs":true,"m_FxEnabled":true},"in2DMode":false,"pivot":{"x":-4.476047039031982,"y":0.07173913717269898,"z":-6.313198089599609},"rotation":{"x":0.010370448231697083,"y":0.9525869488716126,"z":-0.3025157153606415,"w":0.03261345624923706},"size":0.5749031901359558,"orthographic":false}